Object Number;Is Highlight;Is Timeline Work;Is Public Domain;Object ID;Gallery Number;Department;AccessionYear;Object Name;Title;Culture;Period;Dynasty;Reign;Portfolio;Constituent ID;Artist Role;Artist Prefix;Artist Display Name;Artist Display Bio;Artist Suffix;Artist Alpha Sort;Artist Nationality;Artist Begin Date;Artist End Date;Artist Gender;Artist ULAN URL;Artist Wikidata URL;Object Date;Object Begin Date;Object End Date;Medium;Dimensions;Credit Line;Geography Type;City;State;County;Country;Region;Subregion;Locale;Locus;Excavation;River;Classification;Rights and Reproduction;Link Resource;Object Wikidata URL;Metadata Date;Repository;Tags;Tags AAT URL;Tags Wikidata URL
11.161.4;FALSE;FALSE;TRUE;4558;774;The American Wing;1911;Jug;Jug;British;;;;;;;;;;;;;;;;;;1770–1800;1770;1800;Earthenware, transfer-printed;H. 7 in. (17.8 cm);Gift of William F. Havemeyer, 1911;Made in;Liverpool;Merseyside;Merseyside;England;;;;;;;;;http://www.metmuseum.org/art/collection/search/4558;https://www.wikidata.org/wiki/Q116366677;;Metropolitan Museum of Art, New York, NY;Men|George Washington;http://vocab.getty.edu/page/aat/300025928|http://vocab.getty.edu/page/ulan/500126198;https://www.wikidata.org/wiki/Q8441|https://www.wikidata.org/wiki/Q23
11.60.329;FALSE;FALSE;TRUE;13617;;The American Wing;1911;Quilt;Quilt, Marseilles type;British;;;;;;;;;;;;;;;;;;ca. 1800–1820;1797;1820;Cotton, woven;120 x 132 in. (304.8 x 335.3 cm);Bequest of Maria P. James, 1911;Possibly made in;Manchester;Greater Manchester;Greater Manchester;England;;;;;;;;;http://www.metmuseum.org/art/collection/search/13617;;;Metropolitan Museum of Art, New York, NY;;;
17.113;FALSE;FALSE;TRUE;22632;372;Arms and Armor;1917;Gorget;Officer's Gorget;British;;;;;;;;;;;;;;;;;;late 18th century;1750;1800;Copper, gold, buckskin;H. 4 1/8 in. (10.46 cm);;;;;;;;;;;;;;;;;;;;;
11.188;FALSE;FALSE;FALSE;25645;;Arms and Armor;1911;Copy of a chessman;Copy of a Chessman;British;;;;;;;;;;;;;;;;;;late 19th–early 20th century;1851;1911;Plaster;H. 2 1/4 in. (5.7 cm);Gift of Sir Thomas Brock, 1911;;;;;;;;;;;;Chess Sets-Reproductions;;http://www.metmuseum.org/art/collection/search/25645;;;Metropolitan Museum of Art, New York, NY;Horses;http://vocab.getty.edu/page/aat/300250148;https://www.wikidata.org/wiki/Q726
11.60.281;FALSE;FALSE;TRUE;98048;;Costume Institute;1911;Collar;Collar;British;;;;;;;;;;;;;;;;;;1825–30;1825;1830;[no medium available];;Bequest of Maria P. James, 1910;;;;;;;;;;;;;;http://www.metmuseum.org/art/collection/search/98048;;;Metropolitan Museum of Art, New York, NY;;;
09.68.604;FALSE;FALSE;TRUE;98180;;Costume Institute;1909;Cap;Cap;British;;;;;;;;;;;;;;;;;;18th century;1700;1799;linen;;Purchase by subscription, 1909;;;;;;;;;;;;;;http://www.metmuseum.org/art/collection/search/98180;;;Metropolitan Museum of Art, New York, NY;;;
09.68.605;FALSE;FALSE;TRUE;98181;;Costume Institute;1909;Bib;Bib;British;;;;;;;;;;;;;;;;;;18th century;1700;1799;linen;;Purchase by subscription, 1909;;;;;;;;;;;;;;http://www.metmuseum.org/art/collection/search/98181;;;Metropolitan Museum of Art, New York, NY;;;
09.68.607;FALSE;FALSE;TRUE;98183;;Costume Institute;1909;Biggin;Biggin;British;;;;;;;;;;;;;;;;;;18th century;1700;1799;linen;;Purchase by subscription, 1909;;;;;;;;;;;;;;http://www.metmuseum.org/art/collection/search/98183;;;Metropolitan Museum of Art, New York, NY;;;
09.68.609;FALSE;FALSE;TRUE;98185;;Costume Institute;1909;Cap;Cap;British;;;;;;;;;;;;;;;;;;18th century;1700;1799;linen;;Purchase by subscription, 1909;;;;;;;;;;;;;;http://www.metmuseum.org/art/collection/search/98185;;;Metropolitan Museum of Art, New York, NY;;;
09.68.610;FALSE;FALSE;TRUE;98186;;Costume Institute;1909;Cap;Cap;British;;;;;;;;;;;;;;;;;;19th century;1800;1899;linen;;Purchase by subscription, 1909;;;;;;;;;;;;;;http://www.metmuseum.org/art/collection/search/98186;;;Metropolitan Museum of Art, New York, NY;;;
09.68.611;FALSE;FALSE;TRUE;98187;;Costume Institute;1909;Cap;Cap;British;;;;;;;;;;;;;;;;;;19th century;1800;1899;[no medium available];;Purchase by subscription, 1909;;;;;;;;;;;;;;http://www.metmuseum.org/art/collection/search/98187;;;Metropolitan Museum of Art, New York, NY;;;
09.68.612;FALSE;FALSE;TRUE;98188;;Costume Institute;1909;Cap;Cap;British;;;;;;;;;;;;;;;;;;19th century;1800;1899;[no medium available];;Purchase by subscription, 1909;;;;;;;;;;;;;;http://www.metmuseum.org/art/collection/search/98188;;;Metropolitan Museum of Art, New York, NY;;;
09.68.617;FALSE;FALSE;TRUE;98193;;Costume Institute;1909;Cap;Cap;British;;;;;;;;;;;;;;;;;;19th century;1800;1899;cotton;;Purchase by subscription, 1909;;;;;;;;;;;;;;http://www.metmuseum.org/art/collection/search/98193;;;Metropolitan Museum of Art, New York, NY;;;
09.68.626;FALSE;FALSE;TRUE;98202;;Costume Institute;1909;Cap;Cap;British;;;;;;;;;;;;;;;;;;19th century;1800;1899;linen;;Purchase by subscription, 1909;;;;;;;;;;;;;;http://www.metmuseum.org/art/collection/search/98202;;;Metropolitan Museum of Art, New York, NY;;;
09.68.628;FALSE;FALSE;TRUE;98204;;Costume Institute;1909;Cap;Cap;British;;;;;;;;;;;;;;;;;;19th century;1800;1899;linen;;Purchase by subscription, 1909;;;;;;;;;;;;;;http://www.metmuseum.org/art/collection/search/98204;;;Metropolitan Museum of Art, New York, NY;;;
09.68.629;FALSE;FALSE;TRUE;98205;;Costume Institute;1909;Cap;Cap;British;;;;;;;;;;;;;;;;;;19th century;1800;1899;linen;;Purchase by subscription, 1909;;;;;;;;;;;;;;http://www.metmuseum.org/art/collection/search/98205;;;Metropolitan Museum of Art, New York, NY;;;
09.68.643;FALSE;FALSE;TRUE;98207;;Costume Institute;1909;Cap;Cap;British;;;;;;;;;;;;;;;;;;19th century;1800;1899;[no medium available];;Purchase by subscription, 1909;;;;;;;;;;;;;;http://www.metmuseum.org/art/collection/search/98207;;;Metropolitan Museum of Art, New York, NY;;;
09.68.686;FALSE;FALSE;TRUE;98208;;Costume Institute;1909;Cap;Cap;British;;;;;;;;;;;;;;;;;;19th century;1800;1899;linen;;Purchase by subscription, 1909;;;;;;;;;;;;;;http://www.metmuseum.org/art/collection/search/98208;;;Metropolitan Museum of Art, New York, NY;;;
09.68.687;FALSE;FALSE;TRUE;98209;;Costume Institute;1909;Cap;Cap;British;;;;;;;;;;;;;;;;;;19th century;1800;1899;cotton;;Purchase by subscription, 1909;;;;;;;;;;;;;;http://www.metmuseum.org/art/collection/search/98209;;;Metropolitan Museum of Art, New York, NY;;;
09.68.688;FALSE;FALSE;TRUE;98210;;Costume Institute;1909;Cap;Cap;British;;;;;;;;;;;;;;;;;;19th century;1800;1899;cotton;;Purchase by subscription, 1909;;;;;;;;;;;;;;http://www.metmuseum.org/art/collection/search/98210;;;Metropolitan Museum of Art, New York, NY;;;
09.68.690;FALSE;FALSE;TRUE;98211;;Costume Institute;1909;Cap;Cap;British;;;;;;;;;;;;;;;;;;18th century;1700;1799;linen;;Purchase by subscription, 1909;;;;;;;;;;;;;;http://www.metmuseum.org/art/collection/search/98211;;;Metropolitan Museum of Art, New York, NY;;;
09.50.2792;FALSE;FALSE;TRUE;102570;;Costume Institute;1909;Shawl;Shawl;British;;;;;;;;;;;;;;;;;;1815–20;1815;1820;silk, cotton;;Rogers Fund, 1909;;;;;;;;;;;;;;http://www.metmuseum.org/art/collection/search/102570;;;Metropolitan Museum of Art, New York, NY;;;
09.68.427;FALSE;FALSE;TRUE;102580;;Costume Institute;1909;Fichu;Fichu;British;;;;;;;;;;;;;;;;;;19th century;1800;1899;[no medium available];;Purchase by subscription, 1909;;;;;;;;;;;;;;http://www.metmuseum.org/art/collection/search/102580;;;Metropolitan Museum of Art, New York, NY;;;
09.68.428;FALSE;FALSE;TRUE;102581;;Costume Institute;1909;Fichu;Fichu;British;;;;;;;;;;;;;;;;;;19th century;1800;1899;[no medium available];;Purchase by subscription, 1909;;;;;;;;;;;;;;http://www.metmuseum.org/art/collection/search/102581;;;Metropolitan Museum of Art, New York, NY;;;
09.68.434;FALSE;FALSE;TRUE;102582;;Costume Institute;1909;Collar;Collar;British;;;;;;;;;;;;;;;;;;19th century;1800;1899;[no medium available];;Purchase by subscription, 1909;;;;;;;;;;;;;;http://www.metmuseum.org/art/collection/search/102582;;;Metropolitan Museum of Art, New York, NY;;;
09.68.453;FALSE;FALSE;TRUE;102584;;Costume Institute;1909;Veil;Veil;British;;;;;;;;;;;;;;;;;;19th century;1800;1899;[no medium available];;Purchase by subscription, 1909;;;;;;;;;;;;;;http://www.metmuseum.org/art/collection/search/102584;;;Metropolitan Museum of Art, New York, NY;;;
09.68.487;FALSE;FALSE;TRUE;102585;;Costume Institute;1909;Fichu;Fichu;British;;;;;;;;;;;;;;;;;;19th century;1800;1899;[no medium available];;Purchase by subscription, 1909;;;;;;;;;;;;;;http://www.metmuseum.org/art/collection/search/102585;;;Metropolitan Museum of Art, New York, NY;;;
09.128.2;FALSE;FALSE;TRUE;102587;;Costume Institute;1909;Veil;Veil;British;;;;;;;;;;;;;;;;;;19th century;1800;1899;[no medium available];;Gift of Mrs. Philip S. Van Rensselaer, in memory of Mrs. Mary Tallmadge Van Rensselaer, 1909;;;;;;;;;;;;;;http://www.metmuseum.org/art/collection/search/102587;;;Metropolitan Museum of Art, New York, NY;;;
09.128.11;FALSE;FALSE;TRUE;102590;;Costume Institute;1909;Collar;Collar;British;;;;;;;;;;;;;;;;;;19th century;1800;1899;[no medium available];;Gift of Mrs. Philip S. Van Rensselaer, in memory of Mrs. Mary Tallmadge Van Rensselaer, 1909;;;;;;;;;;;;;;http://www.metmuseum.org/art/collection/search/102590;;;Metropolitan Museum of Art, New York, NY;;;
09.128.14;FALSE;FALSE;TRUE;102591;;Costume Institute;1909;Collar;Collar;British;;;;;;;;;;;;;;;;;;19th century;1800;1899;[no medium available];;Gift of Mrs. Philip S. Van Rensselaer, in memory of Mrs. Mary Tallmadge Van Rensselaer, 1909;;;;;;;;;;;;;;http://www.metmuseum.org/art/collection/search/102591;;;Metropolitan Museum of Art, New York, NY;;;
11.60.280;FALSE;FALSE;TRUE;102605;;Costume Institute;1911;Collar;Collar;British;;;;;;;;;;;;;;;;;;1825–30;1825;1830;[no medium available];;Bequest of Maria P. James, 1910;;;;;;;;;;;;;;http://www.metmuseum.org/art/collection/search/102605;;;Metropolitan Museum of Art, New York, NY;;;
11.60.316;FALSE;FALSE;TRUE;116119;;Costume Institute;1911;Hat;Hat;British;;;;;;;;;;;;;;;;;;ca. 1800;1795;1805;[no medium available];;Bequest of Maria P. James, 1910;;;;;;;;;;;;;;http://www.metmuseum.org/art/collection/search/116119;;;Metropolitan Museum of Art, New York, NY;;;
09.9.16;FALSE;FALSE;TRUE;191093;;European Sculpture and Decorative Arts;1909;Guinea;"""Spade"" guinea, George III (1760–1820)";British;;;;;;;;;;;;;;;;;;1798;1798;1798;Gold;Diameter: 1 in. (25 mm.);Gift of H.R. Ickelheimer, 1909;;;;;;;;;;;;Coins;;http://www.metmuseum.org/art/collection/search/191093;;;Metropolitan Museum of Art, New York, NY;Men|Profiles|Coins;http://vocab.getty.edu/page/aat/300025928|http://vocab.getty.edu/page/aat/300123319|http://vocab.getty.edu/page/aat/300037222;https://www.wikidata.org/wiki/Q8441|https://www.wikidata.org/wiki/Q4382010|https://www.wikidata.org/wiki/Q41207
09.11.2;FALSE;FALSE;TRUE;191097;;European Sculpture and Decorative Arts;1909;Medal;Awarded by the Royal Academy of G.F. Munn for Studies from Life, 1874;British;;;;;16510;Artist;Medalist:;William Wyon;British, Birmingham 1795–1851 Brighton; ;Wyon, William;British;1795;1851;;http://vocab.getty.edu/page/ulan/500117324;https://www.wikidata.org/wiki/Q4102532;1874;1874;1874;Silver;;Gift of Mrs. Margaret Crosby Munn, 1909;;;;;;;;;;;;Medals and Plaquettes;;http://www.metmuseum.org/art/collection/search/191097;;;Metropolitan Museum of Art, New York, NY;Profiles|Women;http://vocab.getty.edu/page/aat/300123319|http://vocab.getty.edu/page/aat/300025943;https://www.wikidata.org/wiki/Q4382010|https://www.wikidata.org/wiki/Q467
09.43.12;FALSE;FALSE;FALSE;191111;;European Sculpture and Decorative Arts;1909;Medal;To Commemorate the Birmingham XX Century Exhibition;British;;;;;3396;Artist;Medalist:;James Andrews Restall;British, Birmingham 1859–1938 Pershore; ;Restall, James Andrews;British;1859;1938;;http://vocab.getty.edu/page/ulan/500524759;;1900;1900;1900;Gilt bronze;Diameter: 1 3/4 in. (44 mm);Gift of James B. Hammond, 1909;;;;;;;;;;;;Medals and Plaquettes;;http://www.metmuseum.org/art/collection/search/191111;;;Metropolitan Museum of Art, New York, NY;Women|Coat of Arms|Lions;http://vocab.getty.edu/page/aat/300025943|http://vocab.getty.edu/page/aat/300126352|http://vocab.getty.edu/page/aat/300310388;https://www.wikidata.org/wiki/Q467|https://www.wikidata.org/wiki/Q14659|https://www.wikidata.org/wiki/Q140
09.46;FALSE;FALSE;TRUE;191114;;European Sculpture and Decorative Arts;1909;Medal;In Honor of Thomas Carlyle's 80th birthday, 1875;British;;;;;16316216153;Artist|Artist;Medalist:|Medalist:;Joseph Edgar Boehm|George T. Morgan;British (born Austria), Vienna 1834–1890 London|British, Birmingham 1845–1925 Philadelphia, Pennsylvania; | ;Boehm, Joseph Edgar|Morgan, George T.;British, born Austria|British;1834      |1845      ;1890      |1925      ;|;http://vocab.getty.edu/page/ulan/500024998|http://vocab.getty.edu/page/ulan/500524212;https://www.wikidata.org/wiki/Q85180|https://www.wikidata.org/wiki/Q5545045;1875;1875;1875;Bronze, struck;Diameter: 2 1/4 in. (5.7 cm);Gift of Charles Balliard, 1909;;;;;;;;;;;;Medals and Plaquettes;;http://www.metmuseum.org/art/collection/search/191114;;;Metropolitan Museum of Art, New York, NY;Men|Profiles;http://vocab.getty.edu/page/aat/300025928|http://vocab.getty.edu/page/aat/300123319;https://www.wikidata.org/wiki/Q8441|https://www.wikidata.org/wiki/Q4382010
09.98.1;FALSE;FALSE;FALSE;191126;;European Sculpture and Decorative Arts;1909;Bust;Dante Alighieri (1265–1321);British;;;;;;;;;;;;;;;;;;19th century;1800;1899;Plaster;;Gift of Sir Whitworth Wallis, 1909;;;;;;;;;;;;Sculpture-Reproductions-Casts;;http://www.metmuseum.org/art/collection/search/191126;;;Metropolitan Museum of Art, New York, NY;Men|Portraits;http://vocab.getty.edu/page/aat/300025928|http://vocab.getty.edu/page/aat/300015637;https://www.wikidata.org/wiki/Q8441|https://www.wikidata.org/wiki/Q134307
09.165.6;FALSE;FALSE;TRUE;191200;;European Sculpture and Decorative Arts;1909;Medal;Commemorating the Capture of Porto Bello in 1739;British;;;;;;;;;;;;;;;;;;ca. 1740;1735;1745;Brass;Diameter: 40 mm;Gift of Mr. and Mrs. Frederick S. Wait, 1909;;;;;;;;;;;;Medals and Plaquettes;;http://www.metmuseum.org/art/collection/search/191200;;;Metropolitan Museum of Art, New York, NY;Cannons|Men|Ships;http://vocab.getty.edu/page/aat/300036936|http://vocab.getty.edu/page/aat/300025928|http://vocab.getty.edu/page/aat/300082981;https://www.wikidata.org/wiki/Q81103|https://www.wikidata.org/wiki/Q8441|https://www.wikidata.org/wiki/Q11446
09.202.3;FALSE;FALSE;TRUE;191251;;European Sculpture and Decorative Arts;1909;Chair;Three-legged chair;British;;;;;;;;;;;;;;;;;;late 16th–early 17th century;1585;1615;Ash with oak seat;Height: 32 1/2 in. (82.6 cm);Rogers Fund, 1909;;;;;;;;;;;;Woodwork-Furniture;;http://www.metmuseum.org/art/collection/search/191251;;;Metropolitan Museum of Art, New York, NY;;;
09.219.1;FALSE;FALSE;TRUE;191257;;European Sculpture and Decorative Arts;1909;Mantelpiece;Mantelpiece;British;;;;;;;;;;;;;;;;;;1770–80;1770;1780;Marble;Overall: 65 1/2 × 85 1/2 in. (166.4 × 217.2 cm);Rogers Fund, 1909;;;;;;;;;;;;Sculpture-Architectural;;http://www.metmuseum.org/art/collection/search/191257;;;Metropolitan Museum of Art, New York, NY;;;
11.1.1;FALSE;FALSE;TRUE;191628;;European Sculpture and Decorative Arts;1911;Dressing table;Dressing table;British;;;;;;;;;;;;;;;;;;ca. 1790;1785;1795;Mahogany and boxwood;Overall: 31 1/2 × 22 × 19 5/8 in. (80 × 55.9 × 49.8 cm);Gift of John L. Cadwalader, 1911;;;;;;;;;;;;Woodwork-Furniture;;http://www.metmuseum.org/art/collection/search/191628;;;Metropolitan Museum of Art, New York, NY;;;
11.60.118a–d;FALSE;FALSE;FALSE;191696;;European Sculpture and Decorative Arts;1911;Tea caddy;Tea caddy;British;;;;;;;;;;;;;;;;;;18th–19th century;1700;1899;Lacquer;;;;;;;;;;;;;;;;;;;;;;
11.60.119;FALSE;FALSE;FALSE;191697;;European Sculpture and Decorative Arts;1911;Coaster;Coaster;British;;;;;;;;;;;;;;;;;;18th–19th century;1700;1899;Lacquer;Overall: 1 × 5 1/4 in. (2.5 × 13.3 cm);Bequest of Mrs. Maria P. James, 1911;;;;;;;;;;;;Natural Substances;;http://www.metmuseum.org/art/collection/search/191697;;;Metropolitan Museum of Art, New York, NY;;;
11.60.120;FALSE;FALSE;FALSE;191698;;European Sculpture and Decorative Arts;1911;Coaster;Coaster;British;;;;;;;;;;;;;;;;;;18th–19th century;1700;1899;Lacquer;Overall: 1 × 5 1/4 in. (2.5 × 13.3 cm);Bequest of Mrs. Maria P. James, 1911;;;;;;;;;;;;Natural Substances;;http://www.metmuseum.org/art/collection/search/191698;;;Metropolitan Museum of Art, New York, NY;;;
11.60.124;FALSE;FALSE;TRUE;191699;;European Sculpture and Decorative Arts;1911;Brush holder;Brush holder;British;;;;;;;;;;;;;;;;;;early 19th century;1800;1815;Lacquer;Length: 23 in. (58.4 cm);Bequest of Mrs. Maria P. James, 1911;;;;;;;;;;;;Natural Substances;;http://www.metmuseum.org/art/collection/search/191699;;;Metropolitan Museum of Art, New York, NY;;;
11.60.137;FALSE;FALSE;TRUE;191703;;European Sculpture and Decorative Arts;1911;Goblet;Goblet;British;;;;;;;;;;;;;;;;;;ca. 1790;1785;1795;Glass;Height: 5 1/8 in. (13 cm);Bequest of Mrs. Maria P. James, 1911;;;;;;;;;;;;Glass;;http://www.metmuseum.org/art/collection/search/191703;;;Metropolitan Museum of Art, New York, NY;;;
11.60.138b;FALSE;FALSE;TRUE;191704;;European Sculpture and Decorative Arts;1911;Wineglass;Wineglass;British;;;;;;;;;;;;;;;;;;18th century;1700;1799;Glass;Height: 5 3/4 in. (14.6 cm);Bequest of Mrs. Maria P. James, 1911;;;;;;;;;;;;Glass;;http://www.metmuseum.org/art/collection/search/191704;;;Metropolitan Museum of Art, New York, NY;;;
11.60.139a;FALSE;FALSE;TRUE;191705;;European Sculpture and Decorative Arts;1911;Wineglass;Wineglass;British;;;;;;;;;;;;;;;;;;18th century;1700;1799;Glass;Overall: 3 3/4 × 2 1/4 in. (9.5 × 5.7 cm);Bequest of Mrs. Maria P. James, 1911;;;;;;;;;;;;Glass;;http://www.metmuseum.org/art/collection/search/191705;;;Metropolitan Museum of Art, New York, NY;;;
11.60.139b;FALSE;FALSE;TRUE;191706;;European Sculpture and Decorative Arts;1911;Wineglass;Wineglass;British;;;;;;;;;;;;;;;;;;18th century;1700;1799;Glass;Height: 3 3/4 in. (9.5 cm);Bequest of Mrs. Maria P. James, 1911;;;;;;;;;;;;Glass;;http://www.metmuseum.org/art/collection/search/191706;;;Metropolitan Museum of Art, New York, NY;;;
11.60.140;FALSE;FALSE;TRUE;191707;;European Sculpture and Decorative Arts;1911;Ale glass;Ale glass;British;;;;;;;;;;;;;;;;;;late 18th century;1785;1799;Glass;Height: 5 3/16 in. (13.2 cm);Bequest of Mrs. Maria P. James, 1911;;;;;;;;;;;;Glass;;http://www.metmuseum.org/art/collection/search/191707;;;Metropolitan Museum of Art, New York, NY;;;
11.60.141;FALSE;FALSE;TRUE;191708;;European Sculpture and Decorative Arts;1911;Wineglass;Wineglass;British;;;;;;;;;;;;;;;;;;18th century;1700;1799;Glass;Height: 4 11/16 in. (11.9 cm);Bequest of Mrs. Maria P. James, 1911;;;;;;;;;;;;Glass;;http://www.metmuseum.org/art/collection/search/191708;;;Metropolitan Museum of Art, New York, NY;;;
11.60.143a–t;FALSE;FALSE;TRUE;191710;;European Sculpture and Decorative Arts;1911;Canteen with bottles, glasses and dish;Canteen with twelve bottles, six glasses and one dish;British;;;;;;;;;;;;;;;;;;late 18th century;1785;1799;Glass, mahogany, brass;Overall: 9 × 15 × 11 in. (22.9 × 38.1 × 27.9 cm);Bequest of Mrs. Maria P. James, 1911;;;;;;;;;;;;Glass;;http://www.metmuseum.org/art/collection/search/191710;;;Metropolitan Museum of Art, New York, NY;;;
11.60.144a–s;FALSE;FALSE;TRUE;191711;;European Sculpture and Decorative Arts;1911;Canteen bottles and wineglasses;Canteen with thirteen bottles and five wineglasses;British;;;;;;;;;;;;;;;;;;late 18th century;1785;1799;Oak, glass;Overall: 11 × 10 × 13 1/4 in. (27.9 × 25.4 × 33.7 cm);Bequest of Mrs. Maria P. James, 1911;;;;;;;;;;;;Glass;;http://www.metmuseum.org/art/collection/search/191711;;;Metropolitan Museum of Art, New York, NY;;;
11.63;FALSE;FALSE;TRUE;191713;;European Sculpture and Decorative Arts;1911;Cabinet;Cabinet;British;;;;;;;;;;;;;;;;;;late 17th–early 18th century;1685;1715;Walnut, holly, and other woods;74 1/2 × 44 1/2 × 17 1/4 in. (189.2 × 113 × 43.8 cm);Rogers Fund, 1911;;;;;;;;;;;;Woodwork-Furniture;;http://www.metmuseum.org/art/collection/search/191713;;;Metropolitan Museum of Art, New York, NY;;;
11.117.13;FALSE;FALSE;TRUE;191750;;European Sculpture and Decorative Arts;1911;Coat of arms;Royal Arms of Great Britain;British;;;;;;;;;;;;;;;;;;1660–88;1660;1688;Rolled cardboard, in frame;Framed: 17 3/4 × 14 × 4 1/4 in. (45.1 × 35.6 × 10.8 cm);Rogers Fund, 1911;;;;;;;;;;;;Paper;;http://www.metmuseum.org/art/collection/search/191750;;;Metropolitan Museum of Art, New York, NY;Unicorns|Coat of Arms;http://vocab.getty.edu/page/aat/300379595|http://vocab.getty.edu/page/aat/300126352;https://www.wikidata.org/wiki/Q7246|https://www.wikidata.org/wiki/Q14659
11.117.15;FALSE;FALSE;TRUE;191752;;European Sculpture and Decorative Arts;1911;Basket;Basket;British;;;;;;;;;;;;;;;;;;late 18th or early 19th century;1785;1815;Straw on wood, rose paper;Overall: 9 5/8 × 8 7/8 × 5 7/8 in. (24.4 × 22.5 × 14.9 cm);Rogers Fund, 1911;;;;;;;;;;;;Natural Substances;;http://www.metmuseum.org/art/collection/search/191752;;;Metropolitan Museum of Art, New York, NY;;;
11.133.5;FALSE;FALSE;TRUE;191784;;European Sculpture and Decorative Arts;1911;Plaque;Plaque;British;;;;;16605;Maker; ;Enoch Wood;British, 1759–1846; ;Wood, Enoch;British;1759;1846;;http://vocab.getty.edu/page/ulan/500111014;https://www.wikidata.org/wiki/Q52149383;18th century;1700;1799;Lead-glazed earthenware;Height: 8 5/8 in. (21.9 cm);Frederick C. Hewitt Fund, 1911;;;;;;;;;;;;Ceramics-Pottery;;http://www.metmuseum.org/art/collection/search/191784;;;Metropolitan Museum of Art, New York, NY;Women;http://vocab.getty.edu/page/aat/300025943;https://www.wikidata.org/wiki/Q467
11.133.9;FALSE;FALSE;TRUE;191787;;European Sculpture and Decorative Arts;1911;Chair;Chair;British;;;;;;;;;;;;;;;;;;ca. 1690–95;1685;1700;Walnut;Height: 54 1/4 in. (137.8 cm);Frederick C. Hewitt Fund, 1911;;;;;;;;;;;;Woodwork-Furniture;;http://www.metmuseum.org/art/collection/search/191787;;;Metropolitan Museum of Art, New York, NY;Men|Profiles;http://vocab.getty.edu/page/aat/300025928|http://vocab.getty.edu/page/aat/300123319;https://www.wikidata.org/wiki/Q8441|https://www.wikidata.org/wiki/Q4382010
11.177;FALSE;FALSE;FALSE;191817;;European Sculpture and Decorative Arts;1911;Medal;Coronation of King George V and Queen Mary, 1911;British;;;;;337523329;Artist|Artist;Medalist (obverse):|Medalist (reverse):;Frank Bowcher|Spink;British, London 1864–1938 London| ; | ;Bowcher, Frank|Spink;British| ;1864      |1900      ;1938      |2000      ;|;http://vocab.getty.edu/page/ulan/500123523|;https://www.wikidata.org/wiki/Q21644895|;20th century;1900;1999;Bronze, struck;Diameter: 1 1/2 in. (3.8 cm);Gift of Edward D. Adams, 1911;;;;;;;;;;;;Medals and Plaquettes;;http://www.metmuseum.org/art/collection/search/191817;;;Metropolitan Museum of Art, New York, NY;Kings|Queens|Ceremony|Medals;http://vocab.getty.edu/page/aat/300025481|http://vocab.getty.edu/page/aat/300025483|http://vocab.getty.edu/page/aat/300054754|http://vocab.getty.edu/page/aat/300046025;https://www.wikidata.org/wiki/Q12097|https://www.wikidata.org/wiki/Q16511993|https://www.wikidata.org/wiki/Q2627975|https://www.wikidata.org/wiki/Q131647
17.111.2;FALSE;FALSE;FALSE;193415;;European Sculpture and Decorative Arts;1917;Side table;Side table;British;;;;;;;;;;;;;;;;;;19th century;1800;1899;Mahogany;Overall: 37 × 66 5/8 × 27 1/2 in. (94 × 169.2 × 69.9 cm);Cadwalader Fund, 1917;;;;;;;;;;;;Woodwork-Furniture;;http://www.metmuseum.org/art/collection/search/193415;;;Metropolitan Museum of Art, New York, NY;;;
17.190.307;FALSE;FALSE;TRUE;193456;;European Sculpture and Decorative Arts;1917;Medallion;Medallion;British;;;;;;;;;;;;;;;;;;16th century;1500;1599;Silver gilt;Overall (with chain): 7 7/8 × 3 1/2 in. (20 × 8.9 cm);Gift of J. Pierpont Morgan, 1917;;;;;;;;;;;;Metalwork-Silver;;http://www.metmuseum.org/art/collection/search/193456;;;Metropolitan Museum of Art, New York, NY;Horses|Dragons;http://vocab.getty.edu/page/aat/300250148|http://vocab.getty.edu/page/aat/300375726;https://www.wikidata.org/wiki/Q726|https://www.wikidata.org/wiki/Q7559
17.190.890;FALSE;FALSE;TRUE;193677;;European Sculpture and Decorative Arts;1917;Badge;Badge of the Order of the Garter;British;;;;;;;;;;;;;;;;;;18th century;1700;1799;Gold, enamel;3 1/4 × 1 1/2 in. (8.3 × 3.8 cm);Gift of J. Pierpont Morgan, 1917;;;;;;;;;;;;Metalwork-Gold and Platinum;;http://www.metmuseum.org/art/collection/search/193677;;;Metropolitan Museum of Art, New York, NY;Horses|Dragons|Saint Michael;http://vocab.getty.edu/page/aat/300250148|http://vocab.getty.edu/page/aat/300375726| ;https://www.wikidata.org/wiki/Q726|https://www.wikidata.org/wiki/Q7559|https://www.wikidata.org/wiki/Q45581
171.901.000;FALSE;FALSE;TRUE;193716;;European Sculpture and Decorative Arts;1917;Locket;Locket containing lock of Prince Charles Edward's hair;British;;;;;;;;;;;;;;;;;;ca. 1746;1741;1751;Silver gilt, human hair;1-7/8 x 7/8 in.  (4.8 x 2.2 cm);Gift of J. Pierpont Morgan, 1917;;;;;;;;;;;;Metalwork-Gold and Platinum|Jewelry;;http://www.metmuseum.org/art/collection/search/193716;;;Metropolitan Museum of Art, New York, NY;;;
171.901.149;FALSE;FALSE;FALSE;193832;;European Sculpture and Decorative Arts;1917;Toothpick case with plaque;Cupids at Play;British;;;;;16610816270;Designer|Manufacturer;Plaque designed by| ;John Flaxman|Josiah Wedgwood and Sons;British, York 1755–1826 London|British, Etruria, Staffordshire, 1759–present; | ;Flaxman, John|Wedgwood and Sons, Josiah;British|British;1755      |1759      ;1826      |9999      ;|;http://vocab.getty.edu/page/ulan/500115449|http://vocab.getty.edu/page/ulan/500269607;https://www.wikidata.org/wiki/Q366066|https://www.wikidata.org/wiki/Q595544;late 18th century;1785;1799;Ivory, gold, jasperware;Overall: 1 5/16 × 3 9/16 in. (3.3 × 9 cm);Gift of J. Pierpont Morgan, 1917;;;;;;;;;;;;Metalwork-Gold and Platinum;;http://www.metmuseum.org/art/collection/search/193832;;;Metropolitan Museum of Art, New York, NY;Cupid|Dogs|Musical Instruments;http://vocab.getty.edu/page/aat/300380105|http://vocab.getty.edu/page/aat/300265714|http://vocab.getty.edu/page/aat/300041620;https://www.wikidata.org/wiki/Q5011|https://www.wikidata.org/wiki/Q144|https://www.wikidata.org/wiki/Q34379
171.901.220;FALSE;FALSE;TRUE;193891;512;European Sculpture and Decorative Arts;1917;Snuffbox;Snuffbox;British;;;;;;;;;;;;;;;;;;ca. 1750–60;1745;1765;Gold, enamel;Overall (confirmed): 1 1/4 × 3 × 2 3/8 in. (3.2 × 7.6 × 6 cm);Gift of J. Pierpont Morgan, 1917;;;;;;;;;;;;Metalwork-Gold and Platinum;;http://www.metmuseum.org/art/collection/search/193891;https://www.wikidata.org/wiki/Q116397877;;Metropolitan Museum of Art, New York, NY;Birds|Peacocks|Dogs|Insects|Flowers;http://vocab.getty.edu/page/aat/300266506|http://vocab.getty.edu/page/aat/300250082|http://vocab.getty.edu/page/aat/300265714|http://vocab.getty.edu/page/aat/300310470|http://vocab.getty.edu/page/aat/300132399;https://www.wikidata.org/wiki/Q5113|https://www.wikidata.org/wiki/Q201251|https://www.wikidata.org/wiki/Q144|https://www.wikidata.org/wiki/Q1390|https://www.wikidata.org/wiki/Q506
171.901.221;FALSE;FALSE;TRUE;193892;;European Sculpture and Decorative Arts;1917;Snuffbox;Snuffbox;British;;;;;;;;;;;;;;;;;;1745–50;1745;1750;Gold, enamel, rubies, diamonds;2 5/8 × 2 1/8 in. (6.7 × 5.4 cm);Gift of J. Pierpont Morgan, 1917;;;;;;;;;;;;Metalwork-Gold and Platinum;;http://www.metmuseum.org/art/collection/search/193892;;;Metropolitan Museum of Art, New York, NY;Flowers;http://vocab.getty.edu/page/aat/300132399;https://www.wikidata.org/wiki/Q506
17.190.1286a–c;FALSE;FALSE;TRUE;193939;;European Sculpture and Decorative Arts;1917;Souvenir;Souvenir;British;;;;;;;;;;;;;;;;;;ca. 1770;1765;1775;Gold, enamel, diamonds;2 3/4 × 1 7/16 in. (7 × 3.7 cm);Gift of J. Pierpont Morgan, 1917;;;;;;;;;;;;Metalwork-Gold and Platinum;;http://www.metmuseum.org/art/collection/search/193939;;;Metropolitan Museum of Art, New York, NY;Cupid;http://vocab.getty.edu/page/aat/300380105;https://www.wikidata.org/wiki/Q5011
17.190.1308a–h;FALSE;FALSE;TRUE;193953;;European Sculpture and Decorative Arts;1917;Étui porte-tablettes;Étui porte-tablettes;British;;;;;;;;;;;;;;;;;;18th century;1700;1799;Agate, gold, ivory;3 1/2 × 2 1/16 in. (8.9 × 5.2 cm);Gift of J. Pierpont Morgan, 1917;;;;;;;;;;;;Metalwork-Gold and Platinum;;http://www.metmuseum.org/art/collection/search/193953;;;Metropolitan Museum of Art, New York, NY;;;
17.190.1373a–c;FALSE;FALSE;TRUE;193987;;European Sculpture and Decorative Arts;1917;Souvenir;Souvenir;British;;;;;;;;;;;;;;;;;;1770–80;1770;1780;Gold, enamel;;;;;;;;;;;;;;;;;;;;;;
171.901.552;FALSE;FALSE;TRUE;194143;;European Sculpture and Decorative Arts;1917;Watch case;Watch case;British;;;;;;;;;;;;;;;;;;ca. 1620;1615;1625;Gold, rock crystal, rubies, emeralds;Overall: 1 3/8 × 1 1/8 in. (3.5 × 2.9 cm);Gift of J. Pierpont Morgan, 1917;;;;;;;;;;;;Horology;;http://www.metmuseum.org/art/collection/search/194143;;;Metropolitan Museum of Art, New York, NY;Men|Portraits|Coat of Arms|Lions;http://vocab.getty.edu/page/aat/300025928|http://vocab.getty.edu/page/aat/300015637|http://vocab.getty.edu/page/aat/300126352|http://vocab.getty.edu/page/aat/300310388;https://www.wikidata.org/wiki/Q8441|https://www.wikidata.org/wiki/Q134307|https://www.wikidata.org/wiki/Q14659|https://www.wikidata.org/wiki/Q140
11.35.1a–h;FALSE;FALSE;TRUE;210333;;European Sculpture and Decorative Arts;1911;Inkstand;Inkstand;British;;;;;;;;;;;;;;;;;;ca. 1815;1810;1820;Sheffield plate, glass;3 × 8 3/4 in. (7.6 × 22.2 cm);Rogers Fund, 1911;;;;;;;;;;;;Metalwork-Silverplate;;http://www.metmuseum.org/art/collection/search/210333;;;Metropolitan Museum of Art, New York, NY;;;
09.50.91;FALSE;FALSE;TRUE;215492;;European Sculpture and Decorative Arts;1909;Fragment;Fragment;British;;;;;;;;;;;;;;;;;;early 19th century;1800;1815;Applied;L. 11 x W. 3 1/2 inches;;;;;;;;;;;;;;;;;;;;;
09.50.97;FALSE;FALSE;TRUE;215498;;European Sculpture and Decorative Arts;1909;Strip;Strip;British;;;;;;;;;;;;;;;;;;18th century;1700;1799;Bobbin lace;L. 6 1/2 x W. 1 3/4 inches;;;;;;;;;;;;;;;;;;;;;
09.50.1142;FALSE;FALSE;FALSE;216310;;European Sculpture and Decorative Arts;1909;Panel;Panel;British;;;;;;;;;;;;;;;;;;19th century;1800;1899;Silk;L. 8 1/4 x W. 6 1/2 inches (21 x 16.5 cm);Rogers Fund, 1909;;;;;;;;;;;;Textiles-Embroidered;;http://www.metmuseum.org/art/collection/search/216310;;;Metropolitan Museum of Art, New York, NY;Portraits|Women;http://vocab.getty.edu/page/aat/300015637|http://vocab.getty.edu/page/aat/300025943;https://www.wikidata.org/wiki/Q134307|https://www.wikidata.org/wiki/Q467
09.50.2261;FALSE;FALSE;FALSE;217053;;European Sculpture and Decorative Arts;1909;Piece;Piece;British;;;;;;;;;;;;;;;;;;19th century;1800;1899;Silk;16 1/2 x 12 1/2 inches (41.9 x 31.8 cm);Rogers Fund, 1909;;;;;;;;;;;;Textiles-Woven;;http://www.metmuseum.org/art/collection/search/217053;;;Metropolitan Museum of Art, New York, NY;;;
09.50.2487;FALSE;FALSE;TRUE;217152;;European Sculpture and Decorative Arts;1909;Piece;Piece;British;;;;;;;;;;;;;;;;;;1735–50;1735;1750;Silk;20 x 24 inches (50.8 x 61.0 cm);Rogers Fund, 1909;;;;;;;;;;;;Textiles-Woven;;http://www.metmuseum.org/art/collection/search/217152;;;Metropolitan Museum of Art, New York, NY;Flowers|Leaves;http://vocab.getty.edu/page/aat/300132399|http://vocab.getty.edu/page/aat/300011892;https://www.wikidata.org/wiki/Q506|https://www.wikidata.org/wiki/Q33971
09.50.3147;FALSE;FALSE;FALSE;217738;;European Sculpture and Decorative Arts;1909;Collar;Collar;British;;;;;;;;;;;;;;;;;;19th century;1800;1899;Embroidered net;L. 9 1/2 x W. 2 1/2 inches;;;;;;;;;;;;;;;;;;;;;
09.50.3148;FALSE;FALSE;FALSE;217739;;European Sculpture and Decorative Arts;1909;Edging;Edging;British;;;;;;;;;;;;;;;;;;19th century;1800;1899;Machine made lace;L. 10 3/4 x W. 2 1/4 inches;;;;;;;;;;;;;;;;;;;;;
09.50.3149;FALSE;FALSE;FALSE;217740;;European Sculpture and Decorative Arts;1909;Strip;Strip;British;;;;;;;;;;;;;;;;;;19th century;1800;1899;Machine made lace;L. 7 1/2 x W. 1 inches;;;;;;;;;;;;;;;;;;;;;
09.68.421;FALSE;FALSE;FALSE;218367;;European Sculpture and Decorative Arts;1909;Fragment;Fragment;British;;;;;;;;;;;;;;;;;;19th century;1800;1899;Bobbin lace;L. 150 x W. 5 1/2 inches (381 x 14 cm);Purchase by subscription, 1909;;;;;;;;;;;;Textiles-Laces;;http://www.metmuseum.org/art/collection/search/218367;;;Metropolitan Museum of Art, New York, NY;;;
09.68.439;FALSE;FALSE;FALSE;218391;;European Sculpture and Decorative Arts;1909;Collar;Collar lace;British;;;;;;;;;;;;;;;;;;19th century;1800;1899;;2 x 14 1/2 in. (5.1 x 36.8 cm);Purchase by subscription, 1909;;;;;;;;;;;;Textiles-Laces;;http://www.metmuseum.org/art/collection/search/218391;;;Metropolitan Museum of Art, New York, NY;;;
09.68.440;FALSE;FALSE;FALSE;218392;;European Sculpture and Decorative Arts;1909;Cuff;Cuff;British;;;;;;;;;;;;;;;;;;19th century;1800;1899;;1 3/4 x 6 in. (4.4 x 15.2 cm);Purchase by subscription, 1909;;;;;;;;;;;;Textiles-Laces;;http://www.metmuseum.org/art/collection/search/218392;;;Metropolitan Museum of Art, New York, NY;;;
09.68.441;FALSE;FALSE;FALSE;218393;;European Sculpture and Decorative Arts;1909;Cuff;Cuff;British;;;;;;;;;;;;;;;;;;19th century;1800;1899;;2 x 7 in. (5.1 x 17.8 cm);Purchase by subscription, 1909;;;;;;;;;;;;Textiles-Laces;;http://www.metmuseum.org/art/collection/search/218393;;;Metropolitan Museum of Art, New York, NY;;;
09.68.442;FALSE;FALSE;FALSE;218394;;European Sculpture and Decorative Arts;1909;Cuff;Cuff;British;;;;;;;;;;;;;;;;;;19th century;1800;1899;;2 1/2 x 6 1/2 in. (6.4 x 16.5 cm);Purchase by subscription, 1909;;;;;;;;;;;;Textiles-Laces;;http://www.metmuseum.org/art/collection/search/218394;;;Metropolitan Museum of Art, New York, NY;Flowers;http://vocab.getty.edu/page/aat/300132399;https://www.wikidata.org/wiki/Q506
09.68.445b;FALSE;FALSE;FALSE;218398;;European Sculpture and Decorative Arts;1909;Fragment;Fragment;British;;;;;;;;;;;;;;;;;;19th century;1800;1899;;6 x 36 in. (15.2 x 91.4cm);Purchase by subscription, 1909;;;;;;;;;;;;Textiles-Laces;;http://www.metmuseum.org/art/collection/search/218398;;;Metropolitan Museum of Art, New York, NY;;;
09.68.452;FALSE;FALSE;FALSE;218405;;European Sculpture and Decorative Arts;1909;Fragment;Fragment of lace;British;;;;;;;;;;;;;;;;;;19th century;1800;1899;;3 x 10 in. (7.6 x 25.4 cm);Purchase by subscription, 1909;;;;;;;;;;;;Textiles-Laces;;http://www.metmuseum.org/art/collection/search/218405;;;Metropolitan Museum of Art, New York, NY;;;
09.68.477;FALSE;FALSE;FALSE;218431;;European Sculpture and Decorative Arts;1909;Fragment;Fragment of lace;British;;;;;;;;;;;;;;;;;;19th century;1800;1899;;4 x 61 1/2 in. (10.2 x 156.2 cm);Purchase by subscription, 1909;;;;;;;;;;;;Textiles-Laces;;http://www.metmuseum.org/art/collection/search/218431;;;Metropolitan Museum of Art, New York, NY;;;
09.68.488;FALSE;FALSE;FALSE;218442;;European Sculpture and Decorative Arts;1909;Fragment;Fragment;British;;;;;;;;;;;;;;;;;;19th century;1800;1899;Bobbin lace;L. 9 x W. 3 1/4 inches (22.9 x 8.3 cm);Purchase by subscription, 1909;;;;;;;;;;;;Textiles-Laces;;http://www.metmuseum.org/art/collection/search/218442;;;Metropolitan Museum of Art, New York, NY;;;
09.68.492;FALSE;FALSE;FALSE;218446;;European Sculpture and Decorative Arts;1909;Lappet;Lappet;British;;;;;;;;;;;;;;;;;;19th century;1800;1899;Bobbin lace, Point de Paris;L. 55 x W. 5 1/2 inches (139.7 x 14 cm);Purchase by subscription, 1909;;;;;;;;;;;;Textiles-Laces;;http://www.metmuseum.org/art/collection/search/218446;;;Metropolitan Museum of Art, New York, NY;;;
09.68.509;FALSE;FALSE;FALSE;218465;;European Sculpture and Decorative Arts;1909;Collar;Collar lace;British;;;;;;;;;;;;;;;;;;19th century;1800;1899;;1 1/2 x 7in. (3.8 x 17.8cm);Purchase by subscription, 1909;;;;;;;;;;;;Textiles-Laces;;http://www.metmuseum.org/art/collection/search/218465;;;Metropolitan Museum of Art, New York, NY;;;
09.68.510;FALSE;FALSE;FALSE;218466;;European Sculpture and Decorative Arts;1909;Cuffs;Lace cuffs;British;;;;;;;;;;;;;;;;;;19th century;1800;1899;;1 1/2 x 6 1/2in. (3.8 x 16.5cm);Purchase by subscription, 1909;;;;;;;;;;;;Textiles-Laces;;http://www.metmuseum.org/art/collection/search/218466;;;Metropolitan Museum of Art, New York, NY;;;
09.68.597;FALSE;FALSE;FALSE;218560;;European Sculpture and Decorative Arts;1909;Fragment;Fragment of lace;British;;;;;;;;;;;;;;;;;;19th century;1800;1899;;2 1/4 x 250 in. (5.7 x 635 cm);Purchase by subscription, 1909;;;;;;;;;;;;Textiles-Laces;;http://www.metmuseum.org/art/collection/search/218560;;;Metropolitan Museum of Art, New York, NY;;;
09.68.661;FALSE;FALSE;FALSE;218578;;European Sculpture and Decorative Arts;1909;Piece;Oblong piece;British;;;;;;;;;;;;;;;;;;19th century;1800;1899;Machine net;L. 55 x W. 7 inches;;;;;;;;;;;;;;;;;;;;;
09.109.2;FALSE;FALSE;TRUE;218603;;European Sculpture and Decorative Arts;1909;Piece;Piece;British;;;;;;;;;;;;;;;;;;ca. 1770;1765;1775;Cotton and linen;L. 38 3/4 x W. 36 3/4 inches (98.4 x 93.3 cm);Gift of Mrs. Leonard E. Opdyke, 1909;;;;;;;;;;;;Textiles-Printed;;http://www.metmuseum.org/art/collection/search/218603;;;Metropolitan Museum of Art, New York, NY;Birds|Flowers|Trees|Carriages;http://vocab.getty.edu/page/aat/300266506|http://vocab.getty.edu/page/aat/300132399|http://vocab.getty.edu/page/aat/300132410|http://vocab.getty.edu/page/aat/300185335;https://www.wikidata.org/wiki/Q5113|https://www.wikidata.org/wiki/Q506|https://www.wikidata.org/wiki/Q10884|https://www.wikidata.org/wiki/Q235356
11.60.436;FALSE;FALSE;FALSE;219119;;European Sculpture and Decorative Arts;1911;Shawl;Shawl;British;;;;;;;;;;;;;;;;;;1825–30;1825;1830;Wool, silk and cotton;Overall: 56 x 56 in. (142.2 x 142.2 cm);Bequest of Mrs. Maria P. James, 1911;;;;;;;;;;;;Textiles-Woven;;http://www.metmuseum.org/art/collection/search/219119;;;Metropolitan Museum of Art, New York, NY;;;
11.60.438;FALSE;FALSE;TRUE;219121;;European Sculpture and Decorative Arts;1911;Quilt;Quilt;British;;;;;;;;;;;;;;;;;;1790–95;1790;1795;Linen;L. 45 x W. 37 inches (114.3 x 94.0 cm);Bequest of Mrs. Maria P. James, 1911;;;;;;;;;;;;Textiles-Printed;;http://www.metmuseum.org/art/collection/search/219121;;;Metropolitan Museum of Art, New York, NY;Flowers;http://vocab.getty.edu/page/aat/300132399;https://www.wikidata.org/wiki/Q506
11.60.448;FALSE;FALSE;TRUE;219131;;European Sculpture and Decorative Arts;1911;Piece;Piece;British;;;;;;;;;;;;;;;;;;1810–15;1810;1815;Cotton;L. 45 x W. 26 inches;;;;;;;;;;;;;;;;;;;;;
11.60.468;FALSE;FALSE;TRUE;219150;;European Sculpture and Decorative Arts;1911;Piece;Piece;British;;;;;;;;;;;;;;;;;;ca. 1835–40;1830;1845;Cotton;L. 14 1/4 x W. 7 1/2 inches;;;;;;;;;;;;;;;;;;;;;
11.145.10;FALSE;FALSE;TRUE;219365;;European Sculpture and Decorative Arts;1911;Embroidered picture;Seat of Lord Russell, Streatham, Surrey;British;;;;;;;;;;;;;;;;;;ca. 1816;1811;1821;Silk;H. 14 x W. 20 inches (35.6 x 50.8 cm);Rogers Fund, 1911;;;;;;;;;;;;Textiles-Embroidered;;http://www.metmuseum.org/art/collection/search/219365;;;Metropolitan Museum of Art, New York, NY;Houses|Swans|Deer|Trees;http://vocab.getty.edu/page/aat/300005433|http://vocab.getty.edu/page/aat/300250103|http://vocab.getty.edu/page/aat/300250308|http://vocab.getty.edu/page/aat/300132410;https://www.wikidata.org/wiki/Q3947|https://www.wikidata.org/wiki/Q34384|https://www.wikidata.org/wiki/Q685795|https://www.wikidata.org/wiki/Q10884
11.145.11;FALSE;FALSE;TRUE;219366;;European Sculpture and Decorative Arts;1911;Panel;Panel with The Judgment of Paris;British;;;;;;;;;;;;;;;;;;ca. 1680;1675;1685;Silk;L. 17 5/8 x W. 12 7/8 inches (44.8 x 32.7 cm);Rogers Fund, 1911;;;;;;;;;;;;Textiles-Embroidered;;http://www.metmuseum.org/art/collection/search/219366;;;Metropolitan Museum of Art, New York, NY;Human Figures|Lions|Peacocks|Insects;http://vocab.getty.edu/page/aat/300404114|http://vocab.getty.edu/page/aat/300310388|http://vocab.getty.edu/page/aat/300250082|http://vocab.getty.edu/page/aat/300310470;https://www.wikidata.org/wiki/Q5937779|https://www.wikidata.org/wiki/Q140|https://www.wikidata.org/wiki/Q201251|https://www.wikidata.org/wiki/Q1390
17.11.2;FALSE;FALSE;TRUE;219860;;European Sculpture and Decorative Arts;1917;Cover;Cover;British;;;;;;;;;;;;;;;;;;17th century;1600;1699;Linen and lace;L. 47 x W. 44 1/2 inches (119.4 x 113 cm);Rogers Fund, 1917;;;;;;;;;;;;Textiles-Embroidered;;http://www.metmuseum.org/art/collection/search/219860;;;Metropolitan Museum of Art, New York, NY;;;
17.13.2;FALSE;FALSE;TRUE;219864;;European Sculpture and Decorative Arts;1917;Curtain;Curtain;British;;;;;;;;;;;;;;;;;;ca. 1790;1785;1795;Cotton;L.88 x W. 56 inches  (223.5 x 142.2 cm);Rogers Fund, 1917;;;;;;;;;;;;Textiles-Printed;;http://www.metmuseum.org/art/collection/search/219864;;;Metropolitan Museum of Art, New York, NY;Men|Women|Putti;http://vocab.getty.edu/page/aat/300025928|http://vocab.getty.edu/page/aat/300025943|http://vocab.getty.edu/page/aat/300250465;https://www.wikidata.org/wiki/Q8441|https://www.wikidata.org/wiki/Q467|https://www.wikidata.org/wiki/Q284865
17.58.9;FALSE;FALSE;FALSE;219908;;European Sculpture and Decorative Arts;1917;Tassels;Tassels;British;;;;;;;;;;;;;;;;;;ca. 1800;1795;1805;Cotton;Each: 5 1/2 inches (14.0 cm);Rogers Fund, 1917;;;;;;;;;;;;Textiles-Trimmings;;http://www.metmuseum.org/art/collection/search/219908;;;Metropolitan Museum of Art, New York, NY;;;
17.92.1;FALSE;FALSE;TRUE;219917;;European Sculpture and Decorative Arts;1917;Piece;"Shakespeare's ""Seven Ages of Man""";British;;;;;;;;;;;;;;;;;;ca. 1805;1800;1810;Cotton;L. 78 x W. 50 inches;;;;;;;;;;;;;;;;;;;;;
17.92.2;FALSE;FALSE;TRUE;219918;;European Sculpture and Decorative Arts;1917;Furnishing textile;Pictorial print;British;;;;;;;;;;;;;;;;;;ca. 1790;1785;1795;Cotton;L. 86 x W. 80 inches (218.4 x 203.2 cm);Rogers Fund, 1917;;;;;;;;;;;;Textiles-Printed;;http://www.metmuseum.org/art/collection/search/219918;;;Metropolitan Museum of Art, New York, NY;Houses|Men|Women|Trees;http://vocab.getty.edu/page/aat/300005433|http://vocab.getty.edu/page/aat/300025928|http://vocab.getty.edu/page/aat/300025943|http://vocab.getty.edu/page/aat/300132410;https://www.wikidata.org/wiki/Q3947|https://www.wikidata.org/wiki/Q8441|https://www.wikidata.org/wiki/Q467|https://www.wikidata.org/wiki/Q10884
17.92.3;FALSE;FALSE;TRUE;219919;;European Sculpture and Decorative Arts;1917;Furnishing textile;Pictorial print;British;;;;;;;;;;;;;;;;;;ca. 1785;1780;1790;Cotton wefts, linen warps;L. 64 x W. 60 inches (162.6 x 152.4 cm);Rogers Fund, 1917;;;;;;;;;;;;Textiles-Printed;;http://www.metmuseum.org/art/collection/search/219919;;;Metropolitan Museum of Art, New York, NY;Horses|Battles|Boats|Ships|Soldiers;http://vocab.getty.edu/page/aat/300250148|http://vocab.getty.edu/page/aat/300185692|http://vocab.getty.edu/page/aat/300178749|http://vocab.getty.edu/page/aat/300082981|http://vocab.getty.edu/page/aat/300185678;https://www.wikidata.org/wiki/Q726|https://www.wikidata.org/wiki/Q178561|https://www.wikidata.org/wiki/Q35872|https://www.wikidata.org/wiki/Q11446|https://www.wikidata.org/wiki/Q4991371
17.92.4a;FALSE;FALSE;TRUE;219920;;European Sculpture and Decorative Arts;1917;Furnishing textile;Pictorial print;British;;;;;;;;;;;;;;;;;;18th century;1700;1799;Cotton;L. 28 x W. 19 3/4 inches (71.1 x 50.2 cm);Rogers Fund, 1917;;;;;;;;;;;;Textiles-Printed;;http://www.metmuseum.org/art/collection/search/219920;;;Metropolitan Museum of Art, New York, NY;Men|Women;http://vocab.getty.edu/page/aat/300025928|http://vocab.getty.edu/page/aat/300025943;https://www.wikidata.org/wiki/Q8441|https://www.wikidata.org/wiki/Q467
09.202.4;FALSE;FALSE;TRUE;463214;;Medieval Art;1909;Cabinet;Cabinet or Double Hutch;British;;;;;;;;;;;;;;;;;;probably 19th or 20th century (15th century style);1400;1499;Oak;49 1/4 × 48 3/4 × 20 1/2 in. (125.1 × 123.8 × 52.1 cm);Rogers Fund, 1909;;;;;;;;;;;;Woodwork-Furniture;;http://www.metmuseum.org/art/collection/search/463214;;;Metropolitan Museum of Art, New York, NY;;;
11.125.11;FALSE;FALSE;TRUE;463502;;Medieval Art;1911;Cup;Cup;British;;;;;;;;;;;;;;;;;;early 20th century (original dated late 14th century);1350;1400;Silver gilt;Overall: 7 5/16 x 5 7/8 in. (18.6 x 15 cm);Dodge Fund, 1911;;;;;;;;;;;;Reproductions-Metalwork;;http://www.metmuseum.org/art/collection/search/463502;;;Metropolitan Museum of Art, New York, NY;;;
11.125.12;FALSE;FALSE;TRUE;463503;;Medieval Art;1911;Cup;Cup;British;;;;;;;;;;;;;;;;;;early 20th century (original dated ca. 1481);1481;1481;Silver gilt;Overall: 8 1/2 x 7 in. (21.6 x 17.8 cm);Dodge Fund, 1911;;;;;;;;;;;;Reproductions-Metalwork;;http://www.metmuseum.org/art/collection/search/463503;;;Metropolitan Museum of Art, New York, NY;;;
11.125.16;FALSE;FALSE;TRUE;463506;;Medieval Art;1911;Miter band;Miter Band;British;;;;;;;;;;;;;;;;;;early 20th century (original dated late 14th century);1375;1400;Silver gilt;Overall: 9 7/8 x 3/4 x 3/16 in. (25.1 x 1.9 x 0.5 cm);Dodge Fund, 1911;;;;;;;;;;;;Reproductions-Metalwork;;http://www.metmuseum.org/art/collection/search/463506;;;Metropolitan Museum of Art, New York, NY;;;
11.125.18;FALSE;FALSE;TRUE;463507;;Medieval Art;1911;Mazer bowl and foot;Mazer Bowl and Foot;British;;;;;;;;;;;;;;;;;;early 20th century (original dated ca. 1529);1529;1529;Maple, silver gilt mounts;Overall: 6 1/4 x 4 1/4 in. (15.9 x 10.8 cm);Dodge Fund, 1911;;;;;;;;;;;;Reproductions-Metalwork;;http://www.metmuseum.org/art/collection/search/463507;;;Metropolitan Museum of Art, New York, NY;;;
11.125.19;FALSE;FALSE;TRUE;463508;;Medieval Art;1911;Mazer bowl;Mazer Bowl;British;;;;;;;;;;;;;;;;;;early 20th century (original dated ca. 1450);1450;1450;Maple, silver gilt mounts;Overall: 2 1/2 x 6 in. (6.4 x 15.2 cm);Dodge Fund, 1911;;;;;;;;;;;;Reproductions-Woodwork;;http://www.metmuseum.org/art/collection/search/463508;;;Metropolitan Museum of Art, New York, NY;;;
11.137.7a-c;FALSE;FALSE;TRUE;463516;;Medieval Art;1911;Orphreys and cope hood;Orphreys and Cope Hood;British;;;;;;;;;;;;;;;;;;15th century;1400;1499;Silk, gold thread, silver thread;Overall (Orphrey a): 49 1/2 in. (125.7 cm);;;;;;;;;;;;;;;;;;;;;
17.190.109b;FALSE;FALSE;TRUE;463990;;Medieval Art;1917;Medallion frame;Frame, Medallion;British;;;;;;;;;;;;;;;;;;18th century (?);1700;1799;Gilt-copper alloy;Overall: 2 11/16 x 2 1/4 x 1/4 in. (6.8 x 5.7 x 0.7 cm);Gift of J. Pierpont Morgan, 1917;Made in;;;;Egypt;;;;;;;Metalwork;;http://www.metmuseum.org/art/collection/search/463990;;;Metropolitan Museum of Art, New York, NY;;;
17.190.186;FALSE;FALSE;TRUE;464143;;Medieval Art;1917;Panel;Crucifixion flanked by Saints;British;;;;;;;;;;;;;;;;;;ca. 1270 (probably before 1272);1267;1272;Silk;Overall: 7 1/2 x 29 1/4 in. (19.1 x 74.3 cm);;;;;;;;;;;;;;;;;;;;;
17.190.2097a;FALSE;FALSE;TRUE;464171;;Medieval Art;1917;Diptych;Diptych with the Annunciation;British;;;;;;;;;;;;;;;;;;14th century;1300;1399;Basse taille enamel, silver;Overall: 1 7/16 x 2 3/16 x 3/16in. (3.7 x 5.5 x 0.5cm);;;;;;;;;;;;;;;;;;;;;
17.190.2097b;FALSE;FALSE;TRUE;464172;;Medieval Art;1917;Case;Case for Enamel Diptych;British;;;;;;;;;;;;;;;;;;14th century;1300;1399;Cuir bouilli (tooled leather);Overall: 2 3/16 x 1 5/8 x 11/16in. (5.5 x 4.2 x 1.7cm);Gift of J. Pierpont Morgan, 1917;;;;;;;;;;;;Leatherwork;;http://www.metmuseum.org/art/collection/search/464172;;;Metropolitan Museum of Art, New York, NY;;;
17.190.231;FALSE;TRUE;TRUE;464233;14;Medieval Art;1917;Chess piece;Knight Chess Piece;British;;;;;;;;;;;;;;;;;;ca. 1250;1245;1255;Walrus ivory;Overall: 3 1/16 x 2 9/16 x 1 3/8 in. (7.8 x 6.5 x 3.5 cm);Gift of J. Pierpont Morgan, 1917;Made in;probably London;;;England;;;;;;;Ivories-Walrus;;http://www.metmuseum.org/art/collection/search/464233;https://www.wikidata.org/wiki/Q116410449;;Metropolitan Museum of Art, New York, NY;Knights|Chess|Horses|Dragons|Games;http://vocab.getty.edu/page/aat/300230874|http://vocab.getty.edu/page/aat/300222748|http://vocab.getty.edu/page/aat/300250148|http://vocab.getty.edu/page/aat/300375726|http://vocab.getty.edu/page/aat/300069657;https://www.wikidata.org/wiki/Q102083|https://www.wikidata.org/wiki/Q718|https://www.wikidata.org/wiki/Q726|https://www.wikidata.org/wiki/Q7559|https://www.wikidata.org/wiki/Q11410
17.190.265;FALSE;FALSE;TRUE;464264;;Medieval Art;1917;Diptych leaf;Leaf from a Diptych;British;;;;;;;;;;;;;;;;;;mid to late 14th century;1350;1399;Elephant ivory;Overall: 7 1/16 x 4 5/8 x 3/8 in. (18 x 11.8 x 0.9 cm);Gift of J. Pierpont Morgan, 1917;;;;;;;;;;;;Ivories-Elephant;;http://www.metmuseum.org/art/collection/search/464264;;;Metropolitan Museum of Art, New York, NY;Lamentation|Christ|Virgin Mary;http://vocab.getty.edu/page/ia/901001196|http://vocab.getty.edu/page/ia/901000087|http://vocab.getty.edu/page/ia/901000032;https://www.wikidata.org/wiki/Q3155356|https://www.wikidata.org/wiki/Q642420|https://www.wikidata.org/wiki/Q345
17.190.266;FALSE;FALSE;TRUE;464265;;Medieval Art;1917;Diptych leaf;Leaf from a Diptych with the life of the Virgin;British;;;;;;;;;;;;;;;;;;mid to late 14th century;1350;1400;Elephant ivory;Overall: 7 1/16 x 4 5/8 x 5/16 in. (18 x 11.8 x 0.8 cm);Gift of J. Pierpont Morgan, 1917;;;;;;;;;;;;Ivories-Elephant;;http://www.metmuseum.org/art/collection/search/464265;;;Metropolitan Museum of Art, New York, NY;Annunciation|Christ|Virgin Mary;http://vocab.getty.edu/page/aat/300412102|http://vocab.getty.edu/page/ia/901000087|http://vocab.getty.edu/page/ia/901000032;https://www.wikidata.org/wiki/Q154326|https://www.wikidata.org/wiki/Q642420|https://www.wikidata.org/wiki/Q345
17.190.520;TRUE;TRUE;TRUE;464490;304;Medieval Art;1917;Reliquary box;Reliquary Casket with Scenes from the Martyrdom of Saint Thomas Becket;British;;;;;;;;;;;;;;;;;;ca. 1173–80;1173;1180;Gilded silver with niello and a glass cabochon set over a tinted foil;2 3/16 x 2 3/4 x 1 7/8 in. (5.5 x 7 x 4.7 cm);;;;;;;;;;;;;;;;;;;;;
17.77;FALSE;FALSE;TRUE;465913;;Medieval Art;1917;Textile fragment;Fragment of an Orphrey;British;;;;;;;;;;;;;;;;;;13th century;1200;1299;Linen ground, worked in colored silks and gold thread;Overall: 9 1/4 x 5 3/4in. (23.5 x 14.6cm);Rogers Fund, 1917;;;;;;;;;;;;Textiles-Embroidered;;http://www.metmuseum.org/art/collection/search/465913;;;Metropolitan Museum of Art, New York, NY;Saints;http://vocab.getty.edu/page/aat/300150555;https://www.wikidata.org/wiki/Q43115
11.60.177;FALSE;FALSE;TRUE;504999;;Musical Instruments;1911;Double Flageolet in D;Double Flageolet in D;British;;;;;17629415498;Maker|Maker; | ;William Bainbridge|John Wood;British, London, active 1803–31|British, London active 1808–1821; | ;Bainbridge, William|Wood, John;British|British;1803      |          ;1831      |          ;|;http://vocab.getty.edu/page/ulan/500333732|;|;1808–20;1808;1820;Wood, ivory, silver;L. 39.7cm (15 5/8in.);Gift of Mrs. Maria P. James, 1911;;London;;England;United Kingdom;;;;;;;Aerophone-Blow Hole-end-blown flute (vertical);;http://www.metmuseum.org/art/collection/search/504999;;;Metropolitan Museum of Art, New York, NY;;;
11.200;FALSE;FALSE;TRUE;505006;;Musical Instruments;1911;Bells;Bells;British;;;;;;;;;;;;;;;;;;ca. 1825–89;1825;1889;Bronze, leather, various;Largest: 11.2 x 14cm (4 7/16 x 5 1/2in.), Overall weight: (5.3 kg);Gift of E. Richardson Cox, 1911;;;;;England;;;;;;;Idiophone-Struck-bell-clapper;;http://www.metmuseum.org/art/collection/search/505006;;;Metropolitan Museum of Art, New York, NY;;;
17.53.1;FALSE;FALSE;FALSE;505022;;Musical Instruments;1917;Transverse Flute in C;Transverse Flute in C;British;;;;;15640;Maker; ;George Astor;Baden 1752–1813 London; ;Astor George;Germany, active London;1752;1813;;;;early 19th century;1800;1850;Wood, ivory and silver.;Length: 65.5 (25-7/8 in.);;;;;;;;;;;;;;;;;;;;;
17.53.2;FALSE;FALSE;TRUE;505023;;Musical Instruments;1917;Basset Horn;Basset Horn;British;;;;;15600;Maker; ;G. Astor & Co.;ca. 1798–ca. 1807; ;Astor G. & Co.; ;1798;1807;;;;1798–1826;1798;1826;Boxwood, ivory, brass;Length: 109.2 cm (43 in.);;;;;;;;;;;;;;;;;;;;;
